,factor,rf_imp,rf_imp_rank,xgb_imp,xgb_imp_rank,average_rank,overall_rank
0,Gold_volatility_kcp,0.01681328987280089,1.0,0.027303753,3.0,2.0,1.0
1,Platinum_momentum_stoch,0.008568638283782938,6.0,0.023890786,4.5,5.25,2.0
2,AUD_trend_macd_signal,0.011133124425073616,2.0,0.015358361,9.0,5.5,3.0
3,Gold_Change,0.007737501199135977,8.0,0.023890786,4.5,6.25,4.0
4,Gold_others_cr,0.0069681410407932175,11.0,0.017064847,8.0,9.5,5.0
5,Gold_trend_sma_slow,0.007202983300660925,10.0,0.011945393,13.5,11.75,6.0
6,CrudeOil_momentum_roc,0.00740980974936486,9.0,0.010238908,17.5,13.25,7.0
7,Gold_trend_kst_diff,0.005338375263840421,18.0,0.011945393,13.5,15.75,8.0
8,Gold_trend_macd,0.006062702990626374,13.0,0.0085324235,23.5,18.25,9.0
9,Gold_momentum_roc,0.00480737011722511,21.0,0.010238908,17.5,19.25,10.0
10,GBP_momentum_stoch_signal,0.004925783666374397,20.0,0.0085324235,23.5,21.75,11.0
11,Gold_trend_dpo,0.0033704005256637855,43.0,0.010238908,17.5,30.25,12.0
12,Copper_trend_cci,0.004380031827683547,28.0,0.0068259384,35.0,31.5,13.0
13,BrentOil_momentum_roc,0.004311799138661712,29.0,0.0068259384,35.0,32.0,14.0
14,USD_volatility_kcp,0.005517195522490307,16.0,0.005119454,53.0,34.5,15.0
15,AUD_trend_macd,0.005244493969823576,19.0,0.005119454,53.0,36.0,16.0
16,Gold_trend_ichimoku_b,0.0034878575828590224,38.0,0.0068259384,35.0,36.5,17.0
17,Silver_others_dr,0.002873659539766607,62.0,0.011945393,13.5,37.75,18.0
18,Platinum_Change,0.0027059431032834856,70.0,0.022184301,6.5,38.25,19.0
19,NaturalGas_trend_mass_index,0.003191572320958646,50.0,0.0068259384,35.0,42.5,20.0
20,CrudeOil_others_cr,0.002820623769426114,65.0,0.0085324235,23.5,44.25,21.0
21,Gold_volatility_kcw,0.003531751549722054,36.0,0.005119454,53.0,44.5,22.0
22,EUR_trend_dpo,0.0034670521808970135,39.0,0.005119454,53.0,46.0,23.0
23,AUD_Change,0.0024027034945098657,92.0,0.04778157,1.0,46.5,24.0
24,BrentOil_trend_dpo,0.0034170968740735485,42.0,0.005119454,53.0,47.5,25.0
25,CNY_trend_cci,0.003358638450784195,44.0,0.005119454,53.0,48.5,26.0
26,AUD_momentum_roc,0.002610894166111177,77.0,0.0085324235,23.5,50.25,27.0
27,AUD_momentum_stoch_signal,0.0028118421617866762,66.0,0.0068259384,35.0,50.5,28.0
28,Silver_Change,0.0025972065881536264,78.0,0.0085324235,23.5,50.75,29.0
29,JPY_others_dr,0.0027049257570617154,71.0,0.0068259384,35.0,53.0,30.0
30,NaturalGas_volatility_kcw,0.003016282341937463,56.0,0.005119454,53.0,54.5,31.0
31,Platinum_momentum_roc,0.0029502308064602635,60.0,0.005119454,53.0,56.5,32.0
32,NaturalGas_trend_trix,0.004198449035875852,30.0,0.0034129692,83.5,56.75,33.0
33,Gold_trend_ema_slow,0.0037700299192824855,34.0,0.0034129692,83.5,58.75,34.0
34,CrudeOil_trend_dpo,0.0036929685017888124,35.0,0.0034129692,83.5,59.25,35.0
35,Platinum_momentum_uo,0.002493344227816863,84.0,0.0068259384,35.0,59.5,36.0
36,CNY_trend_sma_slow,0.002656595536770972,73.0,0.005119454,53.0,63.0,37.0
37,NaturalGas_Change,0.0023963808729296596,95.0,0.0068259384,35.0,65.0,38.0
38,Copper_Change,0.003016695061705779,55.0,0.0034129692,83.5,69.25,39.0
39,Gold_momentum_uo,0.0024361860010386933,89.0,0.005119454,53.0,71.0,40.0
40,NaturalGas_others_cr,0.00207263556706716,125.0,0.0085324235,23.5,74.25,41.0
41,CrudeOil_trend_kst_diff,0.0027686966803704993,68.0,0.0034129692,83.5,75.75,42.0
42,Gold_trend_macd_diff,0.0021780328732223615,117.0,0.0068259384,35.0,76.0,43.0
43,JPY_others_cr,0.0026966856004389207,72.0,0.0034129692,83.5,77.75,44.0
44,AUD_trend_cci,0.0022840693471379765,105.0,0.005119454,53.0,79.0,45.0
45,AUD_trend_mass_index,0.0022503820237603075,109.0,0.005119454,53.0,81.0,46.0
46,Platinum_others_cr,0.0025951988366760435,79.0,0.0034129692,83.5,81.25,47.0
47,EUR_Change,0.0018433310652111285,150.0,0.011945393,13.5,81.75,48.0
48,Copper_volatility_bbp,0.002564530801138522,81.0,0.0034129692,83.5,82.25,49.0
49,GBP_trend_dpo,0.002556022238494735,82.0,0.0034129692,83.5,82.75,50.0
50,Gold_trend_macd_signal,0.0018873880833320381,145.0,0.0085324235,23.5,84.25,51.5
51,BrentOil_volatility_bbm,0.0017632234010503819,158.0,0.013651877,10.5,84.25,51.5
52,EUR_volatility_kcp,0.0021596649910976947,119.0,0.005119454,53.0,86.0,53.0
53,AUD_momentum_ao,0.009183677293880605,4.0,0.0017064846,174.0,89.0,54.0
54,AUD_volatility_bbw,0.00786972666114569,7.0,0.0017064846,174.0,90.5,55.0
55,Gasoline_volatility_kcp,0.0023134639988771906,103.0,0.0034129692,83.5,93.25,56.0
56,USD_trend_cci,0.0023031642842798834,104.0,0.0034129692,83.5,93.75,57.0
57,JPY_trend_ichimoku_b,0.0019526877523025504,135.0,0.005119454,53.0,94.0,58.0
58,Gold_trend_mass_index,0.0022702709152071813,106.0,0.0034129692,83.5,94.75,59.0
59,AUD_momentum_uo,0.0022684353511399544,107.0,0.0034129692,83.5,95.25,60.0
60,CNY_volatility_bbh,0.005397472264962504,17.0,0.0017064846,174.0,95.5,61.0
61,JPY_trend_kst_diff,0.0017440525344640564,160.0,0.0068259384,35.0,97.5,62.0
62,BrentOil_trend_macd_diff,0.004729732503265048,22.0,0.0017064846,174.0,98.0,63.0
63,CNY_momentum_stoch_signal,0.004672066307588218,23.0,0.0017064846,174.0,98.5,64.5
64,GBP_trend_cci,0.0017417331780297377,162.0,0.0068259384,35.0,98.5,64.5
65,Gold_momentum_ao,0.004627308058028796,25.0,0.0017064846,174.0,99.5,66.0
66,Platinum_volatility_bbw,0.004427274330460317,27.0,0.0017064846,174.0,100.5,67.0
67,GBP_Change,0.0015317497665733046,197.0,0.022184301,6.5,101.75,68.0
68,AUD_trend_dpo,0.004140932699325236,31.0,0.0017064846,174.0,102.5,69.0
69,CNY_momentum_uo,0.0018174189972951415,153.0,0.005119454,53.0,103.0,70.5
70,NaturalGas_trend_dpo,0.0039865245659154065,32.0,0.0017064846,174.0,103.0,70.5
71,NaturalGas_trend_kst_diff,0.0020806270310939528,124.0,0.0034129692,83.5,103.75,72.0
72,Platinum_others_dr,0.0017988363542770084,156.0,0.005119454,53.0,104.5,73.0
73,Gold_trend_psar,0.003421168840136058,41.0,0.0017064846,174.0,107.5,74.0
74,EUR_momentum_stoch,0.0017304839004477846,165.0,0.005119454,53.0,109.0,75.0
75,Gasoline_momentum_roc,0.003356167524516626,45.0,0.0017064846,174.0,109.5,76.0
76,AUD_volatility_kcw,0.001948503201270488,137.0,0.0034129692,83.5,110.25,77.0
77,AUD_trend_visual_ichimoku_a,0.003308500099076867,47.0,0.0017064846,174.0,110.5,78.0
78,GBP_volatility_kcp,0.0019214423747022104,139.0,0.0034129692,83.5,111.25,79.0
79,Platinum_trend_dpo,0.003166065899224017,51.0,0.0017064846,174.0,112.5,80.0
80,Gasoline_trend_dpo,0.0031086854938998077,52.0,0.0017064846,174.0,113.0,81.0
81,JPY_Change,0.0014305963410290762,222.0,0.013651877,10.5,116.25,82.0
82,AUD_trend_ema_fast,0.0014578616869804868,217.0,0.010238908,17.5,117.25,83.0
83,JPY_trend_dpo,0.0029254409018771377,61.0,0.0017064846,174.0,117.5,84.0
84,AUD_volatility_kcp,0.0018144960744500462,154.0,0.0034129692,83.5,118.75,85.0
85,CNY_trend_visual_ichimoku_b,0.002770173685895484,67.0,0.0017064846,174.0,120.5,86.0
86,AUD_volatility_bbh,0.0027219165886308394,69.0,0.0017064846,174.0,121.5,87.0
87,Copper_momentum_roc,0.0026122349316523652,76.0,0.0017064846,174.0,125.0,88.0
88,Copper_momentum_uo,0.0014624411646931806,216.0,0.0068259384,35.0,125.5,89.0
89,Platinum_trend_cci,0.0024648575695053626,86.0,0.0017064846,174.0,130.0,90.0
90,Gasoline_momentum_uo,0.0024552184370495904,87.0,0.0017064846,174.0,130.5,91.0
91,Copper_trend_mass_index,0.0024392009187337044,88.0,0.0017064846,174.0,131.0,92.0
92,Copper_volatility_kcp,0.0024254196864395565,90.0,0.0017064846,174.0,132.0,93.0
93,Gold_momentum_stoch_signal,0.0014726967584177755,212.0,0.005119454,53.0,132.5,94.5
94,JPY_momentum_uo,0.002405488311745903,91.0,0.0017064846,174.0,132.5,94.5
95,CrudeOil_volatility_kcw,0.002399467879774908,93.0,0.0017064846,174.0,133.5,96.0
96,Gold_momentum_rsi,0.0016183526541217463,184.0,0.0034129692,83.5,133.75,97.0
97,CNY_trend_dpo,0.002398086870337127,94.0,0.0017064846,174.0,134.0,98.0
98,Gold_volatility_bbw,0.0023782311175119556,96.0,0.0017064846,174.0,135.0,99.0
99,BrentOil_volatility_kcp,0.0023297352518679634,99.0,0.0017064846,174.0,136.5,100.0
100,Platinum_trend_ema_fast,0.0023244434402534984,100.0,0.0017064846,174.0,137.0,101.0
101,Gasoline_trend_macd_diff,0.0023243277091260575,101.0,0.0017064846,174.0,137.5,102.0
102,EUR_trend_cci,0.0023223129262456618,102.0,0.0017064846,174.0,138.0,103.0
103,BrentOil_Change,0.0015536042761542307,193.0,0.0034129692,83.5,138.25,104.0
104,Silver_momentum_uo,0.001542772911712381,195.0,0.0034129692,83.5,139.25,105.0
105,EUR_others_dr,0.0015363999644907155,196.0,0.0034129692,83.5,139.75,106.0
106,Gold_momentum_stoch,0.0012743390201398822,259.0,0.0085324235,23.5,141.25,107.0
107,NaturalGas_momentum_roc,0.0022461497213836076,110.0,0.0017064846,174.0,142.0,108.0
108,NaturalGas_volatility_kcp,0.00223299789167735,113.0,0.0017064846,174.0,143.5,109.0
109,JPY_momentum_stoch_signal,0.002201469682855291,115.0,0.0017064846,174.0,144.5,110.0
110,NaturalGas_trend_cci,0.002178855782495931,116.0,0.0017064846,174.0,145.0,111.0
111,Platinum_volatility_kcp,0.002083474539653961,123.0,0.0017064846,174.0,148.5,112.0
112,Silver_trend_trix,0.0020500975303003504,127.0,0.0017064846,174.0,150.5,113.0
113,Silver_volatility_bbl,0.002012571663826081,128.0,0.0017064846,174.0,151.0,114.0
114,CNY_momentum_roc,0.0019972625451175536,131.0,0.0017064846,174.0,152.5,115.0
115,HKD_volatility_kcp,0.0019692794188096883,133.0,0.0017064846,174.0,153.5,116.0
116,CNY_Change,0.001126539173456951,308.0,0.029010238,2.0,155.0,117.0
117,USD_others_dr,0.001270633149723014,260.0,0.005119454,53.0,156.5,118.0
118,Platinum_momentum_stoch_signal,0.0013494150261041803,237.0,0.0034129692,83.5,160.25,119.0
119,JPY_volatility_bbw,0.0018515931740998228,147.0,0.0017064846,174.0,160.5,120.0
120,Gold_volatility_bbl,0.0013406844126871789,238.0,0.0034129692,83.5,160.75,121.0
121,NaturalGas_momentum_stoch_signal,0.001848060640614119,148.0,0.0017064846,174.0,161.0,122.0
122,GBP_trend_mass_index,0.0018348700878675567,151.0,0.0017064846,174.0,162.5,123.0
123,GBP_momentum_rsi,0.0013025609687115336,251.0,0.0034129692,83.5,167.25,124.0
124,Platinum_momentum_rsi,0.0017395356246998137,163.0,0.0017064846,174.0,168.5,125.0
125,Gasoline_others_dr,0.0017319682037131863,164.0,0.0017064846,174.0,169.0,126.0
126,CrudeOil_trend_cci,0.0017020306251011935,169.0,0.0017064846,174.0,171.5,127.0
127,Gasoline_Change,0.0016989551420875965,171.0,0.0017064846,174.0,172.5,128.0
128,Silver_trend_macd_diff,0.0012668597809356707,263.0,0.0034129692,83.5,173.25,129.0
129,EUR_trend_macd_signal,0.0012445375258699628,268.0,0.0034129692,83.5,175.75,130.0
130,Gold_volatility_bbh,0.0016644997096925355,178.0,0.0017064846,174.0,176.0,131.0
131,GBP_momentum_roc,0.0016352102499898762,183.0,0.0017064846,174.0,178.5,132.0
132,Gasoline_volatility_bbp,0.0012161065357662356,274.0,0.0034129692,83.5,178.75,133.0
133,EUR_volatility_bbw,0.0016135921061270241,185.0,0.0017064846,174.0,179.5,134.0
134,BrentOil_others_cr,0.0015970503669585914,189.0,0.0017064846,174.0,181.5,135.0
135,CrudeOil_momentum_rsi,0.0015928568054073091,190.0,0.0017064846,174.0,182.0,136.0
136,Gasoline_trend_kst_diff,0.001587086984749676,191.0,0.0017064846,174.0,182.5,137.0
137,GBP_others_dr,0.0015607552057075598,192.0,0.0017064846,174.0,183.0,138.0
138,Gasoline_volatility_bbw,0.0015246823202392347,199.0,0.0017064846,174.0,186.5,139.0
139,JPY_trend_sma_slow,0.0015229358701213487,200.0,0.0017064846,174.0,187.0,140.0
140,AUD_trend_kst_diff,0.0014870308971337899,207.0,0.0017064846,174.0,190.5,141.0
141,CNY_trend_kst_diff,0.001471124805062326,213.0,0.0017064846,174.0,193.5,142.0
142,EUR_momentum_roc,0.0014682544728920183,214.0,0.0017064846,174.0,194.0,143.0
143,Platinum_volatility_atr,0.0014514303538322427,219.0,0.0017064846,174.0,196.5,144.0
144,Gasoline_trend_macd,0.00110617222724214,314.0,0.0034129692,83.5,198.75,145.0
145,Silver_momentum_stoch_signal,0.0013939035869916,226.0,0.0017064846,174.0,200.0,146.0
146,CNY_volatility_kcp,0.0013921841570750215,227.0,0.0017064846,174.0,200.5,147.0
147,CrudeOil_volatility_bbp,0.0013916785463893167,228.0,0.0017064846,174.0,201.0,148.0
148,NaturalGas_trend_kst,0.0013868690627812936,231.0,0.0017064846,174.0,202.5,149.0
149,NaturalGas_volatility_atr,0.0010946072509961235,322.0,0.0034129692,83.5,202.75,150.0
150,BrentOil_momentum_rsi,0.001370789626875144,233.0,0.0017064846,174.0,203.5,151.0
151,GBP_momentum_ao,0.0009309057376414635,375.0,0.0068259384,35.0,205.0,152.0
152,USD_trend_mass_index,0.001339569209359132,239.0,0.0017064846,174.0,206.5,153.0
153,USD_volatility_bbl,0.0010662537496172093,330.0,0.0034129692,83.5,206.75,154.0
154,Gasoline_trend_visual_ichimoku_a,0.0013246116330788652,242.0,0.0017064846,174.0,208.0,155.0
155,NaturalGas_volatility_bbp,0.001323458657403062,243.0,0.0017064846,174.0,208.5,156.0
156,AUD_trend_sma_slow,0.0013195073385755438,246.0,0.0017064846,174.0,210.0,157.0
157,Gold_trend_sma_fast,0.0010524666163165724,337.0,0.0034129692,83.5,210.25,158.0
158,EUR_momentum_ao,0.0013131181780151634,249.0,0.0017064846,174.0,211.5,159.0
159,BrentOil_trend_visual_ichimoku_a,0.001312832728055725,250.0,0.0017064846,174.0,212.0,160.0
160,Gold_trend_trix,0.0009815367337528416,357.0,0.0034129692,83.5,220.25,161.0
161,HKD_trend_dpo,0.0012046832806147738,279.0,0.0017064846,174.0,226.5,162.0
162,HKD_others_dr,0.0011973224497576244,280.0,0.0017064846,174.0,227.0,163.0
163,Copper_momentum_stoch,0.001192489774721185,283.0,0.0017064846,174.0,228.5,164.0
164,AUD_trend_kst_sig,0.0011841891509843793,288.0,0.0017064846,174.0,231.0,165.0
165,Silver_trend_aroon_ind,0.0008822999036479491,389.0,0.0034129692,83.5,236.25,166.0
166,NaturalGas_momentum_ao,0.0011522703958175857,299.0,0.0017064846,174.0,236.5,167.0
167,AUD_momentum_kama,0.0011511613465340796,300.0,0.0017064846,174.0,237.0,168.0
168,NaturalGas_trend_psar,0.0011217023076903379,310.0,0.0017064846,174.0,242.0,169.0
169,Platinum_trend_psar,0.0007650026090491937,437.0,0.005119454,53.0,245.0,170.0
170,Silver_trend_kst,0.0010996499615078242,321.0,0.0017064846,174.0,247.5,171.0
171,HKD_Change,0.0007502838072586233,446.0,0.005119454,53.0,249.5,172.0
172,USD_momentum_stoch_signal,0.0010743214410699746,329.0,0.0017064846,174.0,251.5,173.0
173,GBP_momentum_stoch,0.0007989148070105835,421.0,0.0034129692,83.5,252.25,174.0
174,CrudeOil_trend_kst_sig,0.0010561992163363215,332.0,0.0017064846,174.0,253.0,175.0
175,Platinum_trend_macd_signal,0.0010486728860922127,339.0,0.0017064846,174.0,256.5,176.0
176,Gold_trend_psar_up,0.0010402957204367473,343.0,0.0017064846,174.0,258.5,177.0
177,CrudeOil_volatility_kcp,0.0010358948267132821,345.0,0.0017064846,174.0,259.5,178.0
178,JPY_volatility_bbh,0.0010010460132296086,350.0,0.0017064846,174.0,262.0,179.0
179,Gold_volatility_kcc,0.000757865783491004,442.0,0.0034129692,83.5,262.75,180.0
180,CNY_trend_visual_ichimoku_a,0.0009638119510497257,366.0,0.0017064846,174.0,270.0,181.0
181,AUD_trend_ichimoku_b,0.0009567686913075896,368.0,0.0017064846,174.0,271.0,182.0
182,Platinum_trend_kst_sig,0.0009465037798497818,373.0,0.0017064846,174.0,273.5,183.0
183,GBP_volatility_atr,0.0009284240798696784,377.0,0.0017064846,174.0,275.5,184.0
184,AUD_volatility_bbm,0.0006090635575289661,518.0,0.0068259384,35.0,276.5,185.5
185,EUR_trend_kst_diff,0.0009258429770790705,379.0,0.0017064846,174.0,276.5,185.5
186,BrentOil_momentum_tsi,0.0009184687331332476,382.0,0.0017064846,174.0,278.0,187.0
187,EUR_trend_kst,0.0008962924669170514,386.0,0.0017064846,174.0,280.0,188.0
188,Gold_trend_kst,0.00932741992972306,3.0,0.0,557.5,280.25,189.0
189,Platinum_momentum_wr,0.00866123988336569,5.0,0.0,557.5,281.25,190.0
190,HKD_volatility_atr,0.0008701094846079263,393.0,0.0017064846,174.0,283.5,191.0
191,Platinum_momentum_ao,0.0008672848350825041,395.0,0.0017064846,174.0,284.5,192.0
192,Gold_others_dlr,0.006384600369886251,12.0,0.0,557.5,284.75,193.0
193,EUR_others_cr,0.0008649458930772372,396.0,0.0017064846,174.0,285.0,194.0
194,AUD_others_cr,0.005687961446390421,14.0,0.0,557.5,285.75,195.0
195,Gold_others_dr,0.005562958750941684,15.0,0.0,557.5,286.25,196.0
196,USD_momentum_uo,0.004641119400138593,24.0,0.0,557.5,290.75,197.0
197,NaturalGas_trend_macd_signal,0.00455447773446149,26.0,0.0,557.5,291.75,198.0
198,CrudeOil_trend_visual_ichimoku_a,0.0006366036093356286,503.0,0.0034129692,83.5,293.25,199.0
199,USD_trend_kst_diff,0.0008282280624129041,413.0,0.0017064846,174.0,293.5,200.0
200,GBP_trend_kst,0.0008280422540850015,414.0,0.0017064846,174.0,294.0,201.0
201,EUR_trend_aroon_up,0.0008259637300215373,415.0,0.0017064846,174.0,294.5,202.0
202,Gold_volatility_atr,0.0037916423517565627,33.0,0.0,557.5,295.25,203.0
203,BrentOil_trend_aroon_ind,0.0008118349693286739,417.0,0.0017064846,174.0,295.5,204.0
204,HKD_momentum_tsi,0.0008076181540683676,419.0,0.0017064846,174.0,296.5,205.0
205,Copper_volatility_kcw,0.0035213940701005033,37.0,0.0,557.5,297.25,206.0
206,AUD_trend_aroon_ind,0.0007983849958671519,422.0,0.0017064846,174.0,298.0,207.0
207,Copper_trend_dpo,0.00346383458114954,40.0,0.0,557.5,298.75,208.0
208,Gold_trend_aroon_up,0.0007896042640691913,425.0,0.0017064846,174.0,299.5,209.0
209,JPY_trend_aroon_ind,0.0007854278251373773,426.0,0.0017064846,174.0,300.0,210.0
210,Copper_trend_visual_ichimoku_a,0.0007817423557986429,428.0,0.0017064846,174.0,301.0,211.0
211,JPY_trend_visual_ichimoku_a,0.00331073649073649,46.0,0.0,557.5,301.75,212.0
212,AUD_others_dlr,0.0033070094276415,48.0,0.0,557.5,302.75,213.0
213,AUD_momentum_tsi,0.0031942079556507297,49.0,0.0,557.5,303.25,214.0
214,Copper_trend_ema_slow,0.0007677543578915416,434.0,0.0017064846,174.0,304.0,215.0
215,Copper_trend_psar_up,0.0007656556930390884,435.0,0.0017064846,174.0,304.5,216.0
216,Silver_trend_dpo,0.0030999278148584903,53.0,0.0,557.5,305.25,217.0
217,Platinum_momentum_kama,0.0030339158007671465,54.0,0.0,557.5,305.75,218.0
218,GBP_momentum_uo,0.00298448795019223,57.0,0.0,557.5,307.25,219.0
219,Silver_volatility_bbw,0.002955329583970564,58.0,0.0,557.5,307.75,220.0
220,AUD_others_dr,0.002952376049161316,59.0,0.0,557.5,308.25,221.0
221,Silver_others_dlr,0.002872720005282523,63.0,0.0,557.5,310.25,222.0
222,Gold_trend_ema_fast,0.0028370082714906947,64.0,0.0,557.5,310.75,223.0
223,EUR_trend_macd,0.0007462449337716067,448.0,0.0017064846,174.0,311.0,224.0
224,Silver_trend_psar_down_indicator,0.0005509006888335135,539.0,0.0034129692,83.5,311.25,225.0
225,BrentOil_trend_macd,0.0026556806446983296,74.0,0.0,557.5,315.75,226.0
226,JPY_others_dlr,0.002614544694518392,75.0,0.0,557.5,316.25,227.0
227,CrudeOil_trend_kst,0.0007340545372658625,459.0,0.0017064846,174.0,316.5,228.0
228,Silver_others_cr,0.0007315684235190128,460.0,0.0017064846,174.0,317.0,229.0
229,HKD_volatility_kcw,0.0007248794965763352,463.0,0.0017064846,174.0,318.5,230.0
230,EUR_momentum_uo,0.00258648458485498,80.0,0.0,557.5,318.75,231.0
231,Platinum_trend_ichimoku_a,0.0007241934753958759,465.0,0.0017064846,174.0,319.5,232.0
232,JPY_volatility_kch,0.0005165898706963515,557.0,0.0034129692,83.5,320.25,233.5
233,Copper_others_dr,0.0025312359743689798,83.0,0.0,557.5,320.25,233.5
234,Gasoline_others_dlr,0.0024782098733339476,85.0,0.0,557.5,321.25,235.0
235,USD_volatility_kcl,0.0007025266359989718,471.0,0.0017064846,174.0,322.5,236.0
236,CNY_trend_ema_fast,0.0006960001901276998,473.0,0.0017064846,174.0,323.5,237.0
237,HKD_trend_psar,0.0006910084635237684,476.0,0.0017064846,174.0,325.0,238.0
238,CNY_trend_ichimoku_b,0.0006858778873507277,480.0,0.0017064846,174.0,327.0,239.0
239,NaturalGas_momentum_rsi,0.0023742260223309063,97.0,0.0,557.5,327.25,240.0
240,CrudeOil_trend_aroon_ind,0.000682794759037747,481.0,0.0017064846,174.0,327.5,241.0
241,AUD_volatility_kcl,0.0023657488068938278,98.0,0.0,557.5,327.75,242.0
242,Gold_trend_visual_ichimoku_b,0.0006797587886645967,482.0,0.0017064846,174.0,328.0,243.0
243,Silver_momentum_tsi,0.0006758382608792876,485.0,0.0017064846,174.0,329.5,244.0
244,USD_trend_sma_slow,0.00066401567889433,488.0,0.0017064846,174.0,331.0,245.0
245,USD_volatility_bbh,0.0006582833991206643,489.0,0.0017064846,174.0,331.5,246.0
246,CrudeOil_volatility_bbw,0.002256355487263401,108.0,0.0,557.5,332.75,247.0
247,Platinum_trend_kst_diff,0.0022408128475536163,111.0,0.0,557.5,334.25,248.0
248,Silver_volatility_kcw,0.0022345333642677396,112.0,0.0,557.5,334.75,249.0
249,NaturalGas_trend_kst_sig,0.00220362611405125,114.0,0.0,557.5,335.75,250.0
250,AUD_trend_kst,0.0006455444846310553,498.0,0.0017064846,174.0,336.0,251.0
251,Copper_trend_macd_diff,0.002170774791810415,118.0,0.0,557.5,337.75,252.0
252,Platinum_others_dlr,0.002151695073701424,120.0,0.0,557.5,338.75,253.0
253,GBP_volatility_bbp,0.002108405373742658,121.0,0.0,557.5,339.25,254.0
254,JPY_volatility_kcl,0.0006358658394429611,505.0,0.0017064846,174.0,339.5,255.0
255,Copper_volatility_atr,0.002088402927399321,122.0,0.0,557.5,339.75,256.0
256,JPY_trend_psar,0.002064566018242652,126.0,0.0,557.5,341.75,257.0
257,Copper_others_cr,0.0006281433664937438,512.0,0.0017064846,174.0,343.0,258.0
258,NaturalGas_others_dlr,0.002005446757980968,129.0,0.0,557.5,343.25,259.0
259,Gasoline_trend_cci,0.0019980223279773713,130.0,0.0,557.5,343.75,260.0
260,Gasoline_volatility_bbh,0.0006154347644490443,515.0,0.0017064846,174.0,344.5,261.0
261,EUR_trend_macd_diff,0.001995406805619281,132.0,0.0,557.5,344.75,262.0
262,NaturalGas_momentum_uo,0.0019631200466145556,134.0,0.0,557.5,345.75,263.0
263,Silver_volatility_atr,0.0019490586126834244,136.0,0.0,557.5,346.75,264.5
264,USD_trend_aroon_down,0.00042957698961177375,610.0,0.0034129692,83.5,346.75,264.5
265,USD_volatility_dcl,0.0006057748740036575,520.0,0.0017064846,174.0,347.0,266.0
266,CrudeOil_volatility_atr,0.0019362450385079929,138.0,0.0,557.5,347.75,267.0
267,HKD_trend_aroon_down,0.0005993096620045165,523.0,0.0017064846,174.0,348.5,268.0
268,Copper_others_dlr,0.0019189409957444668,140.0,0.0,557.5,348.75,269.0
269,NaturalGas_momentum_wr,0.0019142827124354776,141.0,0.0,557.5,349.25,270.0
270,CrudeOil_volatility_kcc,0.0005834315251625017,525.0,0.0017064846,174.0,349.5,271.0
271,Copper_momentum_ao,0.0019051283608222378,142.0,0.0,557.5,349.75,272.0
272,Platinum_trend_macd_diff,0.0018992811931568326,143.0,0.0,557.5,350.25,273.0
273,CNY_volatility_bbw,0.001892609453754768,144.0,0.0,557.5,350.75,274.0
274,Platinum_trend_visual_ichimoku_b,0.0005757822651353217,528.0,0.0017064846,174.0,351.0,275.0
275,HKD_momentum_stoch_signal,0.0018673225926840126,146.0,0.0,557.5,351.75,276.0
276,Gold_trend_psar_up_indicator,0.0003122670842169587,670.0,0.0068259384,35.0,352.5,277.0
277,Silver_momentum_roc,0.0018463515138572647,149.0,0.0,557.5,353.25,278.0
278,Gold_trend_cci,0.0018235400897219,152.0,0.0,557.5,354.75,279.0
279,Platinum_volatility_bbh,0.0005589259865295101,537.0,0.0017064846,174.0,355.5,280.0
280,NaturalGas_volatility_bbh,0.0005575592600391257,538.0,0.0017064846,174.0,356.0,281.0
281,Copper_trend_macd,0.0018058211055422507,155.0,0.0,557.5,356.25,282.0
282,JPY_volatility_kcp,0.0017716740593772173,157.0,0.0,557.5,357.25,283.0
283,NaturalGas_others_dr,0.0017466526828745857,159.0,0.0,557.5,358.25,284.0
284,CNY_others_cr,0.001743802915064828,161.0,0.0,557.5,359.25,285.0
285,JPY_momentum_rsi,0.0017240655588326944,166.0,0.0,557.5,361.75,286.0
286,NaturalGas_trend_macd,0.001722246616359924,167.0,0.0,557.5,362.25,287.0
287,NaturalGas_volatility_bbw,0.0017175659165305855,168.0,0.0,557.5,362.75,288.0
288,GBP_volatility_bbh,0.00053249644775713,553.0,0.0017064846,174.0,363.5,289.0
289,BrentOil_trend_mass_index,0.0017001820861005093,170.0,0.0,557.5,363.75,290.0
290,NaturalGas_trend_psar_up,0.00035597061922536624,645.0,0.0034129692,83.5,364.25,291.0
291,Silver_volatility_dcl,0.0016987770895403975,172.0,0.0,557.5,364.75,292.0
292,GBP_others_dlr,0.0016923757957908155,173.0,0.0,557.5,365.25,293.0
293,GBP_volatility_bbw,0.001677788991793113,174.0,0.0,557.5,365.75,294.0
294,Copper_momentum_rsi,0.0016767724847979726,175.0,0.0,557.5,366.25,295.0
295,Gold_volatility_kch,0.0016742446154219724,176.0,0.0,557.5,366.75,296.0
296,USD_trend_dpo,0.0016734858894867225,177.0,0.0,557.5,367.25,297.0
297,JPY_volatility_atr,0.0005106428659667891,562.0,0.0017064846,174.0,368.0,298.0
298,NaturalGas_trend_macd_diff,0.0016643058379142042,179.0,0.0,557.5,368.25,299.0
299,Silver_momentum_rsi,0.0016615673363610717,180.0,0.0,557.5,368.75,300.0
300,CrudeOil_trend_macd,0.0016546545253237257,181.0,0.0,557.5,369.25,301.0
301,Copper_trend_kst_diff,0.001637081897535951,182.0,0.0,557.5,369.75,302.0
302,JPY_trend_macd_diff,0.0016135557481716913,186.0,0.0,557.5,371.75,303.0
303,EUR_others_dlr,0.0016000345764944615,187.0,0.0,557.5,372.25,304.0
304,NaturalGas_momentum_stoch,0.0016000003055733954,188.0,0.0,557.5,372.75,305.0
305,EUR_trend_visual_ichimoku_a,0.0004949509252742715,573.0,0.0017064846,174.0,373.5,306.0
306,JPY_trend_cci,0.0015525383142762817,194.0,0.0,557.5,375.75,307.0
307,Silver_trend_kst_diff,0.0015314972365197718,198.0,0.0,557.5,377.75,308.0
308,EUR_momentum_wr,0.0015184627785811118,201.0,0.0,557.5,379.25,309.0
309,AUD_momentum_stoch,0.0015072027544897671,202.0,0.0,557.5,379.75,310.0
310,HKD_momentum_rsi,0.0015062523320918202,203.0,0.0,557.5,380.25,311.0
311,BrentOil_trend_kst_diff,0.0014936643243560783,204.0,0.0,557.5,380.75,312.0
312,CNY_volatility_bbm,0.0014903279191798191,205.0,0.0,557.5,381.25,313.0
313,BrentOil_momentum_uo,0.0014871502024301536,206.0,0.0,557.5,381.75,314.0
314,JPY_momentum_roc,0.001485473396717978,208.0,0.0,557.5,382.75,315.0
315,CrudeOil_trend_mass_index,0.0014853149518655752,209.0,0.0,557.5,383.25,316.0
316,JPY_volatility_bbp,0.0014849129351358714,210.0,0.0,557.5,383.75,317.0
317,Gasoline_others_cr,0.0014837528172699918,211.0,0.0,557.5,384.25,318.0
318,CNY_trend_mass_index,0.001464603384558463,215.0,0.0,557.5,386.25,319.0
319,JPY_trend_macd_signal,0.0014536574754841613,218.0,0.0,557.5,387.75,320.0
320,Gold_momentum_kama,0.001441747392228465,220.0,0.0,557.5,388.75,321.0
321,BrentOil_volatility_bbw,0.0014310817871007353,221.0,0.0,557.5,389.25,322.0
322,Platinum_volatility_kcw,0.0014155879733386415,223.0,0.0,557.5,390.25,323.0
323,CrudeOil_trend_macd_diff,0.0014020844529786408,224.0,0.0,557.5,390.75,324.0
324,JPY_volatility_kcw,0.0013940314012838104,225.0,0.0,557.5,391.25,325.0
325,Platinum_trend_mass_index,0.0013911488452851976,229.0,0.0,557.5,393.25,326.0
326,Gasoline_momentum_tsi,0.0013900965186074562,230.0,0.0,557.5,393.75,327.0
327,Copper_momentum_stoch_signal,0.0013843532286675032,232.0,0.0,557.5,394.75,328.0
328,Copper_volatility_bbw,0.0013579057341088782,234.0,0.0,557.5,395.75,329.0
329,BrentOil_volatility_atr,0.0013547157853631964,235.0,0.0,557.5,396.25,330.0
330,Gasoline_trend_mass_index,0.0013523667922584726,236.0,0.0,557.5,396.75,331.0
331,USD_trend_macd_diff,0.0013372517078690826,240.0,0.0,557.5,398.75,332.0
332,CrudeOil_Change,0.0013365903514227714,241.0,0.0,557.5,399.25,333.0
333,AUD_trend_macd_diff,0.0013233955417040972,244.0,0.0,557.5,400.75,334.0
334,Silver_volatility_bbp,0.001322512247394651,245.0,0.0,557.5,401.25,335.0
335,AUD_trend_visual_ichimoku_b,0.0013151052276406622,247.0,0.0,557.5,402.25,336.0
336,CrudeOil_momentum_uo,0.0013138649649045908,248.0,0.0,557.5,402.75,337.0
337,AUD_momentum_wr,0.0013008090840479728,252.0,0.0,557.5,404.75,338.0
338,CNY_volatility_bbp,0.0012986459585624325,253.0,0.0,557.5,405.25,339.0
339,Gold_momentum_wr,0.0012985511189511816,254.0,0.0,557.5,405.75,340.0
340,HKD_volatility_bbw,0.001285614997799481,255.0,0.0,557.5,406.25,341.0
341,CrudeOil_momentum_tsi,0.0012837869147016856,256.0,0.0,557.5,406.75,342.0
342,BrentOil_trend_ema_slow,0.0012750622185424784,257.0,0.0,557.5,407.25,343.0
343,BrentOil_trend_cci,0.001274466506532265,258.0,0.0,557.5,407.75,344.0
344,Gasoline_volatility_kcw,0.0012703360763073749,261.0,0.0,557.5,409.25,345.0
345,Silver_trend_macd,0.0012691297582764337,262.0,0.0,557.5,409.75,346.0
346,Gasoline_momentum_stoch,0.0012641043572747532,264.0,0.0,557.5,410.75,347.0
347,AUD_volatility_atr,0.001263874457568996,265.0,0.0,557.5,411.25,348.0
348,AUD_volatility_bbp,0.001257179006504517,266.0,0.0,557.5,411.75,349.0
349,BrentOil_others_dr,0.0012507130712062732,267.0,0.0,557.5,412.25,350.0
350,EUR_volatility_atr,0.0012375520233979306,269.0,0.0,557.5,413.25,351.0
351,USD_trend_kst_sig,0.0012276913461588671,270.0,0.0,557.5,413.75,352.0
352,EUR_trend_mass_index,0.0012198317804547984,271.0,0.0,557.5,414.25,353.0
353,CrudeOil_momentum_ao,0.001219687677867485,272.0,0.0,557.5,414.75,354.0
354,Silver_trend_cci,0.0012190169583939834,273.0,0.0,557.5,415.25,355.0
355,AUD_momentum_rsi,0.0012128813910878195,275.0,0.0,557.5,416.25,356.0
356,EUR_momentum_rsi,0.0012127817865522836,276.0,0.0,557.5,416.75,357.0
357,Copper_trend_aroon_up,0.001206748962188788,277.0,0.0,557.5,417.25,358.0
358,BrentOil_others_dlr,0.001206451598074607,278.0,0.0,557.5,417.75,359.0
359,JPY_trend_kst_sig,0.0011970371889265786,281.0,0.0,557.5,419.25,360.0
360,Gasoline_momentum_wr,0.0011956925287521596,282.0,0.0,557.5,419.75,361.0
361,EUR_volatility_bbp,0.0011899860315800193,284.0,0.0,557.5,420.75,362.0
362,CNY_others_dlr,0.0011891499501150127,285.0,0.0,557.5,421.25,363.0
363,BrentOil_volatility_bbl,0.0011867071702525193,286.0,0.0,557.5,421.75,364.0
364,BrentOil_trend_visual_ichimoku_b,0.0011843819819462782,287.0,0.0,557.5,422.25,365.0
365,GBP_trend_visual_ichimoku_a,0.0011835340202723814,289.0,0.0,557.5,423.25,366.0
366,Gasoline_volatility_atr,0.0011816134055361257,290.0,0.0,557.5,423.75,367.0
367,CrudeOil_momentum_stoch_signal,0.001175267770966588,291.0,0.0,557.5,424.25,368.0
368,GBP_trend_aroon_up,0.0011715855364329143,292.0,0.0,557.5,424.75,369.0
369,Gold_volatility_bbp,0.0011702772377183113,293.0,0.0,557.5,425.25,370.0
370,CrudeOil_others_dlr,0.0011642629378299215,294.0,0.0,557.5,425.75,371.0
371,Gasoline_momentum_ao,0.001163950617053072,295.0,0.0,557.5,426.25,372.0
372,HKD_momentum_uo,0.0011623946570774508,296.0,0.0,557.5,426.75,373.0
373,EUR_volatility_kcw,0.0011598690408282555,297.0,0.0,557.5,427.25,374.0
374,CNY_volatility_kcw,0.0011547705973906268,298.0,0.0,557.5,427.75,375.0
375,CNY_volatility_bbl,0.0011487620481923358,301.0,0.0,557.5,429.25,376.0
376,AUD_trend_sma_fast,0.0011446229491529898,302.0,0.0,557.5,429.75,377.0
377,CNY_momentum_ao,0.0011375327512284856,303.0,0.0,557.5,430.25,378.0
378,AUD_volatility_dch,0.00028037572488507007,687.0,0.0017064846,174.0,430.5,379.0
379,Gold_trend_kst_sig,0.0011366047217452318,304.0,0.0,557.5,430.75,380.0
380,JPY_momentum_stoch,0.001135313232532149,305.0,0.0,557.5,431.25,381.0
381,GBP_trend_macd_diff,0.0011350878615127887,306.0,0.0,557.5,431.75,382.0
382,JPY_trend_mass_index,0.001128854304643179,307.0,0.0,557.5,432.25,383.0
383,CrudeOil_momentum_stoch,0.0011262244306648348,309.0,0.0,557.5,433.25,384.0
384,BrentOil_momentum_ao,0.001114174997931374,311.0,0.0,557.5,434.25,385.0
385,USD_volatility_bbp,0.0011138002591291323,312.0,0.0,557.5,434.75,386.0
386,HKD_trend_kst,0.00026485987278733534,696.0,0.0017064846,174.0,435.0,387.0
387,USD_momentum_rsi,0.0011114049213904623,313.0,0.0,557.5,435.25,388.0
388,CNY_trend_psar,0.0011047742189513347,315.0,0.0,557.5,436.25,389.0
389,Gold_trend_ichimoku_a,0.0011037277275790308,316.0,0.0,557.5,436.75,390.0
390,EUR_momentum_stoch_signal,0.0011030595028553955,317.0,0.0,557.5,437.25,391.0
391,BrentOil_momentum_stoch_signal,0.0011026214307191889,318.0,0.0,557.5,437.75,392.0
392,USD_trend_psar_down,0.0002566945376376762,702.0,0.0017064846,174.0,438.0,393.0
393,CrudeOil_momentum_wr,0.001101238846385536,319.0,0.0,557.5,438.25,394.0
394,EUR_trend_ichimoku_b,0.0002539222450848161,703.0,0.0017064846,174.0,438.5,395.0
395,Gasoline_momentum_stoch_signal,0.0011003022949926515,320.0,0.0,557.5,438.75,396.0
396,JPY_trend_psar_up,0.0002506505156830806,706.0,0.0017064846,174.0,440.0,397.0
397,NaturalGas_trend_aroon_ind,0.001093860699919354,323.0,0.0,557.5,440.25,398.0
398,Copper_volatility_kcc,0.00024734899820846726,707.0,0.0017064846,174.0,440.5,399.0
399,JPY_trend_aroon_up,0.0010913993846831866,324.0,0.0,557.5,440.75,400.0
400,GBP_momentum_tsi,0.0010900075063550087,325.0,0.0,557.5,441.25,401.0
401,HKD_trend_psar_up,0.00024118950805102798,709.0,0.0017064846,174.0,441.5,402.0
402,HKD_momentum_kama,0.0010891564832506454,326.0,0.0,557.5,441.75,403.0
403,HKD_trend_mass_index,0.0010789081402438991,327.0,0.0,557.5,442.25,404.0
404,HKD_momentum_roc,0.0010762071252805895,328.0,0.0,557.5,442.75,405.0
405,GBP_momentum_wr,0.0010603517425172603,331.0,0.0,557.5,444.25,406.0
406,USD_volatility_bbw,0.0010542669865408266,333.0,0.0,557.5,445.25,407.0
407,Copper_trend_trix,0.001054138629582425,334.0,0.0,557.5,445.75,408.0
408,AUD_trend_psar,0.0010537853957465928,335.0,0.0,557.5,446.25,409.0
409,CrudeOil_others_dr,0.0010535642915113566,336.0,0.0,557.5,446.75,410.0
410,Silver_trend_mass_index,0.0010500111623523807,338.0,0.0,557.5,447.75,411.0
411,Platinum_trend_aroon_up,0.0010422346910229723,340.0,0.0,557.5,448.75,412.0
412,CrudeOil_volatility_bbl,0.0010409474022296326,341.0,0.0,557.5,449.25,413.0
413,Silver_momentum_ao,0.0010404908216018064,342.0,0.0,557.5,449.75,414.0
414,USD_momentum_tsi,0.0010385435706737232,344.0,0.0,557.5,450.75,415.0
415,Copper_momentum_wr,0.0010267007374465018,346.0,0.0,557.5,451.75,416.0
416,NaturalGas_trend_visual_ichimoku_a,0.0010141127262783892,347.0,0.0,557.5,452.25,417.0
417,Gold_trend_aroon_ind,0.001009166385118615,348.0,0.0,557.5,452.75,418.0
418,BrentOil_trend_sma_fast,0.0002009508525921286,732.0,0.0017064846,174.0,453.0,419.0
419,GBP_trend_kst_diff,0.0010075978488390733,349.0,0.0,557.5,453.25,420.0
420,CNY_momentum_rsi,0.0010002131930127137,351.0,0.0,557.5,454.25,421.0
421,Platinum_trend_macd,0.0009990998151418325,352.0,0.0,557.5,454.75,422.0
422,GBP_volatility_kcw,0.0009977457587374624,353.0,0.0,557.5,455.25,423.0
423,AUD_volatility_kch,0.0009927564677615095,354.0,0.0,557.5,455.75,424.0
424,BrentOil_volatility_kcw,0.000989901824130523,355.0,0.0,557.5,456.25,425.0
425,CrudeOil_trend_psar_up,0.00018231391470187655,739.0,0.0017064846,174.0,456.5,426.0
426,NaturalGas_volatility_dch,0.0009868570806871712,356.0,0.0,557.5,456.75,427.0
427,Platinum_volatility_bbp,0.0009777626545306995,358.0,0.0,557.5,457.75,428.0
428,NaturalGas_trend_aroon_down,0.000977757091594456,359.0,0.0,557.5,458.25,429.0
429,BrentOil_trend_psar,0.0009741756244020328,360.0,0.0,557.5,458.75,430.0
430,BrentOil_trend_kst_sig,0.0009724003093202387,361.0,0.0,557.5,459.25,431.0
431,JPY_trend_ichimoku_a,0.0009709719313068396,362.0,0.0,557.5,459.75,432.0
432,Platinum_trend_kst,0.0009663614671884434,363.0,0.0,557.5,460.25,433.0
433,Gold_trend_psar_down,0.0009660140558686693,364.0,0.0,557.5,460.75,434.0
434,Gasoline_trend_macd_signal,0.0009643622620008255,365.0,0.0,557.5,461.25,435.0
435,Silver_trend_kst_sig,0.0009578521035389216,367.0,0.0,557.5,462.25,436.0
436,BrentOil_momentum_stoch,0.0009561840012102028,369.0,0.0,557.5,463.25,437.0
437,HKD_trend_cci,0.0009560184546875815,370.0,0.0,557.5,463.75,438.0
438,CNY_trend_macd_diff,0.0009541099764794407,371.0,0.0,557.5,464.25,439.0
439,Copper_trend_kst_sig,0.0009501746026014889,372.0,0.0,557.5,464.75,440.0
440,JPY_momentum_ao,0.000933596614295186,374.0,0.0,557.5,465.75,441.0
441,HKD_others_cr,0.0009291947996560673,376.0,0.0,557.5,466.75,442.0
442,USD_Change,0.0009283414727767808,378.0,0.0,557.5,467.75,443.0
443,Copper_trend_macd_signal,0.0009254586274761469,380.0,0.0,557.5,468.75,444.0
444,Silver_trend_macd_signal,0.0009206242009487397,381.0,0.0,557.5,469.25,445.0
445,Gold_trend_visual_ichimoku_a,0.0009075083330643798,383.0,0.0,557.5,470.25,446.0
446,JPY_momentum_wr,0.0009069244653463533,384.0,0.0,557.5,470.75,447.0
447,EUR_trend_kst_sig,0.0009054599008065975,385.0,0.0,557.5,471.25,448.0
448,CNY_momentum_tsi,0.0008835908337688364,387.0,0.0,557.5,472.25,449.0
449,CNY_others_dr,0.0008827374451052536,388.0,0.0,557.5,472.75,450.0
450,CrudeOil_trend_ichimoku_b,0.0008746821972301,390.0,0.0,557.5,473.75,451.0
451,BrentOil_volatility_bbp,0.0008707657338169295,391.0,0.0,557.5,474.25,452.0
452,HKD_trend_kst_diff,0.0008703939326168378,392.0,0.0,557.5,474.75,453.0
453,GBP_trend_macd,0.0008684028145517274,394.0,0.0,557.5,475.75,454.0
454,HKD_volatility_bbl,0.000862095864678233,397.0,0.0,557.5,477.25,455.0
455,NaturalGas_momentum_tsi,0.0008601676581940817,398.0,0.0,557.5,477.75,456.0
456,CrudeOil_volatility_kch,0.0008597106677354741,399.0,0.0,557.5,478.25,457.0
457,Gold_momentum_tsi,0.0008588412651726361,400.0,0.0,557.5,478.75,458.0
458,CNY_trend_kst_sig,0.0008566154207093916,401.0,0.0,557.5,479.25,459.0
459,HKD_momentum_wr,0.0008510265312786628,402.0,0.0,557.5,479.75,460.0
460,CrudeOil_trend_macd_signal,0.0008475042653410706,403.0,0.0,557.5,480.25,461.0
461,Gasoline_momentum_rsi,0.000847146103778184,404.0,0.0,557.5,480.75,462.0
462,USD_volatility_kcw,0.000839615925268103,405.0,0.0,557.5,481.25,463.0
463,Silver_momentum_stoch,0.0008364254920710519,406.0,0.0,557.5,481.75,464.0
464,HKD_trend_aroon_ind,0.0008348903001864111,407.0,0.0,557.5,482.25,465.0
465,Gold_trend_aroon_down,0.0008348685070350622,408.0,0.0,557.5,482.75,466.0
466,CrudeOil_volatility_bbh,0.0008327645640531443,409.0,0.0,557.5,483.25,467.0
467,HKD_trend_visual_ichimoku_a,0.0008307533790444785,410.0,0.0,557.5,483.75,468.0
468,USD_momentum_wr,0.0008298341948655433,411.0,0.0,557.5,484.25,469.0
469,JPY_momentum_tsi,0.0008285859961417929,412.0,0.0,557.5,484.75,470.0
470,CNY_trend_aroon_down,0.0008121226397813064,416.0,0.0,557.5,486.75,471.0
471,CNY_trend_macd_signal,0.0008109844441293512,418.0,0.0,557.5,487.75,472.0
472,HKD_momentum_stoch,0.0008027785638527749,420.0,0.0,557.5,488.75,473.0
473,CNY_momentum_stoch,0.0007963677948746791,423.0,0.0,557.5,490.25,474.0
474,JPY_trend_macd,0.0007958639538099367,424.0,0.0,557.5,490.75,475.0
475,EUR_volatility_bbl,0.0007832394779469089,427.0,0.0,557.5,492.25,476.0
476,USD_others_dlr,0.0007812770956474902,429.0,0.0,557.5,493.25,477.0
477,AUD_trend_aroon_up,0.0007773399012134291,430.0,0.0,557.5,493.75,478.0
478,GBP_trend_sma_fast,0.0007758937528283877,431.0,0.0,557.5,494.25,479.0
479,AUD_trend_aroon_down,0.0007747780537255625,432.0,0.0,557.5,494.75,480.0
480,Platinum_trend_aroon_ind,0.0007700022926019661,433.0,0.0,557.5,495.25,481.0
481,BrentOil_trend_macd_signal,0.0007651944922450815,436.0,0.0,557.5,496.75,482.0
482,EUR_trend_aroon_down,0.0007631271394468915,438.0,0.0,557.5,497.75,483.0
483,BrentOil_volatility_dcl,0.000760687731822053,439.0,0.0,557.5,498.25,484.0
484,Gasoline_trend_trix,0.0007594491236638057,440.0,0.0,557.5,498.75,485.0
485,AUD_trend_ichimoku_a,0.0007584092353730901,441.0,0.0,557.5,499.25,486.0
486,GBP_others_cr,0.0007550079592524504,443.0,0.0,557.5,500.25,487.0
487,Copper_trend_kst,0.0007531884018479597,444.0,0.0,557.5,500.75,488.0
488,CNY_volatility_atr,0.000750431584382723,445.0,0.0,557.5,501.25,489.0
489,CNY_momentum_kama,0.0007482602682685316,447.0,0.0,557.5,502.25,490.0
490,Silver_trend_aroon_down,0.0007436223084538396,449.0,0.0,557.5,503.25,491.0
491,USD_momentum_roc,0.0007428641713107952,450.0,0.0,557.5,503.75,492.0
492,Gasoline_trend_aroon_up,0.0007408686973107026,451.0,0.0,557.5,504.25,493.0
493,USD_volatility_atr,0.0007403432917522067,452.0,0.0,557.5,504.75,494.0
494,Silver_momentum_wr,0.0007390412267654678,453.0,0.0,557.5,505.25,495.0
495,Silver_volatility_kcl,0.0007382392119697171,454.0,0.0,557.5,505.75,496.0
496,Silver_trend_visual_ichimoku_b,0.0007379135906365757,455.0,0.0,557.5,506.25,497.0
497,HKD_others_dlr,0.0007375040214791061,456.0,0.0,557.5,506.75,498.0
498,JPY_trend_aroon_down,0.0007371605536584798,457.0,0.0,557.5,507.25,499.0
499,Silver_trend_aroon_up,0.0007351462077868697,458.0,0.0,557.5,507.75,500.0
500,CNY_trend_kst,0.0007304936473803744,461.0,0.0,557.5,509.25,501.0
501,USD_trend_aroon_ind,0.0007251760705229689,462.0,0.0,557.5,509.75,502.0
502,USD_trend_visual_ichimoku_b,0.0007248478681192767,464.0,0.0,557.5,510.75,503.0
503,JPY_volatility_bbl,0.0007232334867039599,466.0,0.0,557.5,511.75,504.0
504,Copper_momentum_tsi,0.0007221854527074125,467.0,0.0,557.5,512.25,505.0
505,CrudeOil_trend_sma_slow,0.0007192541743618176,468.0,0.0,557.5,512.75,506.0
506,GBP_trend_kst_sig,0.0007066978526684442,469.0,0.0,557.5,513.25,507.0
507,AUD_volatility_kcc,0.0007042103580397499,470.0,0.0,557.5,513.75,508.0
508,GBP_trend_psar,0.0006963657325923696,472.0,0.0,557.5,514.75,509.0
509,Platinum_momentum_tsi,0.0006923805664214107,474.0,0.0,557.5,515.75,510.0
510,JPY_momentum_kama,0.0006914496464257572,475.0,0.0,557.5,516.25,511.0
511,JPY_trend_psar_down,0.0006876505382008826,477.0,0.0,557.5,517.25,512.0
512,Gasoline_trend_aroon_ind,0.0006875735118109889,478.0,0.0,557.5,517.75,513.0
513,USD_trend_macd,0.0006863801775468867,479.0,0.0,557.5,518.25,514.0
514,BrentOil_trend_trix,0.0006767591477107058,483.0,0.0,557.5,520.25,515.0
515,Platinum_trend_psar_down,0.0006763928028832676,484.0,0.0,557.5,520.75,516.0
516,JPY_trend_kst,0.0006673535858071504,486.0,0.0,557.5,521.75,517.0
517,JPY_trend_trix,0.0006647430733055462,487.0,0.0,557.5,522.25,518.0
518,EUR_volatility_kch,0.0006562412917982108,490.0,0.0,557.5,523.75,519.0
519,CNY_trend_aroon_ind,0.0006531340153544459,491.0,0.0,557.5,524.25,520.0
520,Copper_trend_psar,0.0006508823278584885,492.0,0.0,557.5,524.75,521.0
521,CrudeOil_trend_aroon_up,0.0006500887709938096,493.0,0.0,557.5,525.25,522.0
522,BrentOil_trend_aroon_down,0.0006484556808091642,494.0,0.0,557.5,525.75,523.0
523,Gasoline_trend_visual_ichimoku_b,0.0006464143420112456,495.0,0.0,557.5,526.25,524.0
524,CrudeOil_trend_trix,0.0006462450790413152,496.0,0.0,557.5,526.75,525.0
525,AUD_trend_psar_up,0.0006459998450692573,497.0,0.0,557.5,527.25,526.0
526,HKD_trend_macd_diff,0.0006440000651561124,499.0,0.0,557.5,528.25,527.0
527,NaturalGas_volatility_bbl,0.0006397437249030944,500.0,0.0,557.5,528.75,528.0
528,CNY_trend_macd,0.0006392076098809684,501.0,0.0,557.5,529.25,529.0
529,CNY_momentum_wr,0.0006385359318252988,502.0,0.0,557.5,529.75,530.0
530,Platinum_trend_trix,0.0006365381849881016,504.0,0.0,557.5,530.75,531.0
531,GBP_trend_visual_ichimoku_b,0.0006355435942734363,506.0,0.0,557.5,531.75,532.0
532,CNY_trend_aroon_up,0.0006344564227372812,507.0,0.0,557.5,532.25,533.0
533,JPY_volatility_bbm,0.0006332252693620849,508.0,0.0,557.5,532.75,534.0
534,USD_others_cr,0.0006328033224580283,509.0,0.0,557.5,533.25,535.0
535,Copper_trend_aroon_down,0.0006289361079172878,510.0,0.0,557.5,533.75,536.0
536,NaturalGas_trend_aroon_up,0.0006285004527080477,511.0,0.0,557.5,534.25,537.0
537,Gasoline_trend_psar,0.0006272924154802697,513.0,0.0,557.5,535.25,538.0
538,EUR_trend_psar_up,0.0006186115471154964,514.0,0.0,557.5,535.75,539.0
539,Gasoline_trend_kst,0.0006130875346920327,516.0,0.0,557.5,536.75,540.0
540,NaturalGas_volatility_kch,0.0006117746543024355,517.0,0.0,557.5,537.25,541.0
541,Silver_volatility_bbh,0.0006084749807633189,519.0,0.0,557.5,538.25,542.0
542,Platinum_volatility_bbm,0.0006040125063374265,521.0,0.0,557.5,539.25,543.0
543,Platinum_trend_aroon_down,0.0006000864756649544,522.0,0.0,557.5,539.75,544.0
544,Gold_volatility_kcl,0.000588622455987909,524.0,0.0,557.5,540.75,545.0
545,Silver_trend_visual_ichimoku_a,0.000578988029819319,526.0,0.0,557.5,541.75,546.0
546,Platinum_trend_sma_slow,0.0005782760574949314,527.0,0.0,557.5,542.25,547.0
547,NaturalGas_trend_sma_fast,0.0005742345652612009,529.0,0.0,557.5,543.25,548.0
548,Gasoline_trend_aroon_down,0.0005726057922632647,530.0,0.0,557.5,543.75,549.0
549,USD_trend_ema_fast,0.0005671550299807232,531.0,0.0,557.5,544.25,550.0
550,Copper_volatility_kch,0.0005663779861126633,532.0,0.0,557.5,544.75,551.0
551,Platinum_volatility_bbl,0.000563155930306135,533.0,0.0,557.5,545.25,552.0
552,CNY_trend_psar_down,0.0005620610734222945,534.0,0.0,557.5,545.75,553.0
553,GBP_trend_trix,0.0005600437894512009,535.0,0.0,557.5,546.25,554.0
554,NaturalGas_trend_ichimoku_b,0.0005596481753060152,536.0,0.0,557.5,546.75,555.0
555,USD_momentum_stoch,0.0005506336824851568,540.0,0.0,557.5,548.75,556.0
556,Platinum_volatility_kch,0.0005480025949784861,541.0,0.0,557.5,549.25,557.0
557,CNY_trend_trix,0.0005459399296854016,542.0,0.0,557.5,549.75,558.0
558,Silver_trend_psar,0.0005458034350015429,543.0,0.0,557.5,550.25,559.0
559,CNY_volatility_kcl,0.0005455203299609624,544.0,0.0,557.5,550.75,560.0
560,AUD_trend_ema_slow,0.0005454173266657863,545.0,0.0,557.5,551.25,561.0
561,CrudeOil_volatility_kcl,0.0005447365613675307,546.0,0.0,557.5,551.75,562.0
562,CNY_trend_ema_slow,0.0005432288882395919,547.0,0.0,557.5,552.25,563.0
563,JPY_trend_visual_ichimoku_b,0.0005420579276453538,548.0,0.0,557.5,552.75,564.0
564,NaturalGas_trend_visual_ichimoku_b,0.0005417593344033336,549.0,0.0,557.5,553.25,565.0
565,CNY_trend_sma_fast,0.0005401403640181178,550.0,0.0,557.5,553.75,566.0
566,CNY_volatility_kcc,0.0005386752206124588,551.0,0.0,557.5,554.25,567.0
567,NaturalGas_volatility_kcl,0.0005386668379818239,552.0,0.0,557.5,554.75,568.0
568,GBP_trend_macd_signal,0.0005283915594012984,554.0,0.0,557.5,555.75,569.0
569,USD_momentum_ao,0.0005278567353556194,555.0,0.0,557.5,556.25,570.0
570,EUR_volatility_kcl,0.0005180701541724892,556.0,0.0,557.5,556.75,571.0
571,USD_trend_visual_ichimoku_a,0.0005157501521094405,558.0,0.0,557.5,557.75,572.0
572,Gasoline_volatility_bbl,0.0005156707140467582,559.0,0.0,557.5,558.25,573.0
573,Gold_volatility_dcl,0.0005141498579618591,560.0,0.0,557.5,558.75,574.0
574,Silver_volatility_kch,0.0005114898932735075,561.0,0.0,557.5,559.25,575.0
575,HKD_trend_visual_ichimoku_b,0.0005099587423969002,563.0,0.0,557.5,560.25,576.0
576,Gasoline_trend_kst_sig,0.0005079934968548859,564.0,0.0,557.5,560.75,577.0
577,USD_trend_kst,0.0005061455942566137,565.0,0.0,557.5,561.25,578.0
578,BrentOil_trend_aroon_up,0.0005030837808264364,566.0,0.0,557.5,561.75,579.0
579,CNY_volatility_kch,0.0005027812002358509,567.0,0.0,557.5,562.25,580.0
580,HKD_trend_ema_fast,0.0005019851028111825,568.0,0.0,557.5,562.75,581.0
581,Gasoline_trend_sma_slow,0.0005016593914205128,569.0,0.0,557.5,563.25,582.0
582,JPY_trend_ema_slow,0.0005009191763794109,570.0,0.0,557.5,563.75,583.0
583,Copper_trend_aroon_ind,0.0005004314645939524,571.0,0.0,557.5,564.25,584.0
584,BrentOil_momentum_wr,0.0004982507494196044,572.0,0.0,557.5,564.75,585.0
585,HKD_trend_trix,0.000490862038769707,574.0,0.0,557.5,565.75,586.0
586,USD_trend_psar,0.0004900204116517201,575.0,0.0,557.5,566.25,587.0
587,Platinum_trend_visual_ichimoku_a,0.0004838272844523368,576.0,0.0,557.5,566.75,588.0
588,Copper_volatility_bbl,0.0004836929613388149,577.0,0.0,557.5,567.25,589.0
589,Platinum_trend_sma_fast,0.00048211923342011574,578.0,0.0,557.5,567.75,590.0
590,Copper_volatility_bbm,0.0004817859788289492,579.0,0.0,557.5,568.25,591.0
591,GBP_volatility_kch,0.00047986019791554244,580.0,0.0,557.5,568.75,592.0
592,USD_momentum_kama,0.00047791144038621824,581.0,0.0,557.5,569.25,593.0
593,Copper_trend_sma_slow,0.0004735747695925905,582.0,0.0,557.5,569.75,594.0
594,CNY_trend_ichimoku_a,0.0004732758822510373,583.0,0.0,557.5,570.25,595.0
595,HKD_volatility_bbp,0.0004731015129879151,584.0,0.0,557.5,570.75,596.0
596,AUD_volatility_bbl,0.000472442389284328,585.0,0.0,557.5,571.25,597.0
597,EUR_momentum_tsi,0.0004713805196744721,586.0,0.0,557.5,571.75,598.0
598,Gasoline_volatility_kcl,0.00046874485240575687,587.0,0.0,557.5,572.25,599.0
599,EUR_trend_sma_fast,0.00046865808069785063,588.0,0.0,557.5,572.75,600.0
600,GBP_trend_aroon_down,0.0004676274220679937,589.0,0.0,557.5,573.25,601.0
601,HKD_trend_macd_signal,0.0004661692310825815,590.0,0.0,557.5,573.75,602.0
602,Gasoline_volatility_kcc,0.00046603165419951964,591.0,0.0,557.5,574.25,603.0
603,Platinum_volatility_kcl,0.0004639722817477301,592.0,0.0,557.5,574.75,604.0
604,BrentOil_trend_kst,0.00046267514141041605,593.0,0.0,557.5,575.25,605.0
605,GBP_trend_aroon_ind,0.0004587965179190934,594.0,0.0,557.5,575.75,606.0
606,BrentOil_trend_psar_up,0.0004582423412179925,595.0,0.0,557.5,576.25,607.0
607,EUR_trend_trix,0.0004564519045424773,596.0,0.0,557.5,576.75,608.0
608,Silver_trend_ema_slow,0.00045559354517128974,597.0,0.0,557.5,577.25,609.0
609,Copper_trend_psar_down,0.00045418850841274166,598.0,0.0,557.5,577.75,610.0
610,Gasoline_trend_psar_down,0.00044889161634437894,599.0,0.0,557.5,578.25,611.0
611,USD_volatility_kch,0.00044722342849323814,600.0,0.0,557.5,578.75,612.0
612,AUD_trend_trix,0.00044441136072014887,601.0,0.0,557.5,579.25,613.0
613,Gasoline_volatility_bbm,0.00044124167604402505,602.0,0.0,557.5,579.75,614.0
614,CNY_volatility_dcl,0.00044083183275781966,603.0,0.0,557.5,580.25,615.0
615,NaturalGas_volatility_kcc,0.0004373858325137818,604.0,0.0,557.5,580.75,616.0
616,NaturalGas_trend_ichimoku_a,0.00043521819903504254,605.0,0.0,557.5,581.25,617.0
617,EUR_trend_psar_down,0.0004339808293112843,606.0,0.0,557.5,581.75,618.0
618,GBP_volatility_kcc,0.00043196776885406516,607.0,0.0,557.5,582.25,619.0
619,CrudeOil_trend_psar,0.00043146858239011385,608.0,0.0,557.5,582.75,620.0
620,BrentOil_volatility_kcl,0.0004308784942080107,609.0,0.0,557.5,583.25,621.0
621,HKD_trend_aroon_up,0.0004289320651424325,611.0,0.0,557.5,584.25,622.0
622,NaturalGas_trend_sma_slow,0.0004221649153577593,612.0,0.0,557.5,584.75,623.0
623,HKD_volatility_bbm,0.0004199539920640144,613.0,0.0,557.5,585.25,624.0
624,Silver_trend_psar_down,0.00041888017597095997,614.0,0.0,557.5,585.75,625.0
625,EUR_trend_visual_ichimoku_b,0.00041857791300785557,615.0,0.0,557.5,586.25,626.0
626,Copper_volatility_bbh,0.00041816882787287264,616.0,0.0,557.5,586.75,627.0
627,NaturalGas_trend_psar_down,0.0004168727691653247,617.0,0.0,557.5,587.25,628.0
628,USD_trend_psar_up,0.00041630280309286886,618.0,0.0,557.5,587.75,629.0
629,GBP_volatility_bbl,0.0004117194982472936,619.0,0.0,557.5,588.25,630.0
630,BrentOil_trend_psar_down,0.0004092273511176818,620.0,0.0,557.5,588.75,631.0
631,USD_trend_ema_slow,0.00040919693296430056,621.0,0.0,557.5,589.25,632.0
632,EUR_trend_psar,0.0004085399786659775,622.0,0.0,557.5,589.75,633.0
633,HKD_trend_kst_sig,0.00040728853728037883,623.0,0.0,557.5,590.25,634.0
634,JPY_trend_ema_fast,0.0004055828116430648,624.0,0.0,557.5,590.75,635.0
635,EUR_volatility_bbm,0.0004051627488324934,625.0,0.0,557.5,591.25,636.0
636,CrudeOil_trend_sma_fast,0.0003988463294293194,626.0,0.0,557.5,591.75,637.0
637,CNY_trend_psar_up,0.00039545715670622427,627.0,0.0,557.5,592.25,638.0
638,HKD_trend_macd,0.00039498668102663987,628.0,0.0,557.5,592.75,639.0
639,NaturalGas_momentum_kama,0.0003937165262753254,629.0,0.0,557.5,593.25,640.0
640,Silver_trend_sma_slow,0.0003934677794479606,630.0,0.0,557.5,593.75,641.0
641,GBP_momentum_kama,0.0003907199007147527,631.0,0.0,557.5,594.25,642.0
642,EUR_trend_ichimoku_a,0.000389068588762545,632.0,0.0,557.5,594.75,643.0
643,EUR_trend_aroon_ind,0.0003856181407003319,633.0,0.0,557.5,595.25,644.0
644,CrudeOil_trend_aroon_down,0.00038208224396542865,634.0,0.0,557.5,595.75,645.0
645,NaturalGas_trend_ema_slow,0.0003806818721539812,635.0,0.0,557.5,596.25,646.0
646,Gasoline_trend_sma_fast,0.0003790104341132576,636.0,0.0,557.5,596.75,647.0
647,CrudeOil_trend_ichimoku_a,0.0003772472337526543,637.0,0.0,557.5,597.25,648.0
648,Silver_trend_ichimoku_b,0.0003769291431089015,638.0,0.0,557.5,597.75,649.0
649,CrudeOil_trend_ema_fast,0.0003748098905450221,639.0,0.0,557.5,598.25,650.0
650,Silver_volatility_bbm,0.00037012001294117427,640.0,0.0,557.5,598.75,651.0
651,Gasoline_momentum_kama,0.00036730507711736415,641.0,0.0,557.5,599.25,652.0
652,HKD_volatility_kch,0.0003629452312596493,642.0,0.0,557.5,599.75,653.0
653,USD_trend_macd_signal,0.0003618115599206726,643.0,0.0,557.5,600.25,654.0
654,Silver_trend_sma_fast,0.0003588962891365536,644.0,0.0,557.5,600.75,655.0
655,USD_trend_aroon_up,0.00035565133919523853,646.0,0.0,557.5,601.75,656.0
656,Copper_volatility_kcl,0.0003528932427348502,647.0,0.0,557.5,602.25,657.0
657,Gasoline_trend_ema_slow,0.00035145593043236785,648.0,0.0,557.5,602.75,658.0
658,Platinum_volatility_kcc,0.00035130635674169403,649.0,0.0,557.5,603.25,659.0
659,Gold_trend_psar_down_indicator,0.0003475584134624895,650.0,0.0,557.5,603.75,660.0
660,BrentOil_trend_ichimoku_a,0.00034751275257512403,651.0,0.0,557.5,604.25,661.0
661,CrudeOil_trend_psar_down,0.0003448041780983737,652.0,0.0,557.5,604.75,662.0
662,CrudeOil_volatility_bbm,0.00034382658709021974,653.0,0.0,557.5,605.25,663.0
663,CrudeOil_momentum_kama,0.0003410538558594013,654.0,0.0,557.5,605.75,664.0
664,GBP_trend_ichimoku_b,0.00034102968927060095,655.0,0.0,557.5,606.25,665.0
665,BrentOil_volatility_bbh,0.0003396092614161899,656.0,0.0,557.5,606.75,666.0
666,EUR_volatility_dcl,0.00033660031427298486,657.0,0.0,557.5,607.25,667.0
667,BrentOil_trend_ichimoku_b,0.0003355191030877806,658.0,0.0,557.5,607.75,668.0
668,EUR_trend_ema_fast,0.00033540195449238426,659.0,0.0,557.5,608.25,669.0
669,Copper_momentum_kama,0.0003344998020800083,660.0,0.0,557.5,608.75,670.0
670,Gasoline_trend_ichimoku_b,0.0003311067430026684,661.0,0.0,557.5,609.25,671.0
671,EUR_trend_sma_slow,0.00033017025267983026,662.0,0.0,557.5,609.75,672.0
672,BrentOil_trend_ema_fast,0.00032927921110994303,663.0,0.0,557.5,610.25,673.0
673,HKD_trend_sma_fast,0.0003213915580223704,664.0,0.0,557.5,610.75,674.0
674,HKD_trend_ichimoku_b,0.00031880016206796565,665.0,0.0,557.5,611.25,675.0
675,HKD_volatility_kcl,0.0003184103923330161,666.0,0.0,557.5,611.75,676.0
676,Gasoline_trend_ema_fast,0.000318147366463659,667.0,0.0,557.5,612.25,677.0
677,HKD_volatility_bbh,0.0003162933725888932,668.0,0.0,557.5,612.75,678.0
678,BrentOil_momentum_kama,0.0003142359935835833,669.0,0.0,557.5,613.25,679.0
679,HKD_trend_ema_slow,0.00031147400809817627,671.0,0.0,557.5,614.25,680.0
680,EUR_volatility_bbh,0.00031059121331315716,672.0,0.0,557.5,614.75,681.0
681,Gold_volatility_bbm,0.0003074087939008805,673.0,0.0,557.5,615.25,682.0
682,USD_volatility_bbm,0.00030466925645930955,674.0,0.0,557.5,615.75,683.0
683,Platinum_trend_ichimoku_b,0.00030408290994337174,675.0,0.0,557.5,616.25,684.0
684,CrudeOil_trend_ema_slow,0.0003032878131348147,676.0,0.0,557.5,616.75,685.0
685,NaturalGas_trend_ema_fast,0.0003030678577053187,677.0,0.0,557.5,617.25,686.0
686,NaturalGas_volatility_bbm,0.0002995469488211075,678.0,0.0,557.5,617.75,687.0
687,HKD_volatility_kcc,0.0002995111218729208,679.0,0.0,557.5,618.25,688.0
688,GBP_trend_ichimoku_a,0.0002954856400978402,680.0,0.0,557.5,618.75,689.0
689,JPY_volatility_dch,0.000295355172624796,681.0,0.0,557.5,619.25,690.0
690,GBP_trend_ema_fast,0.00029089539506540747,682.0,0.0,557.5,619.75,691.0
691,CrudeOil_volatility_dcl,0.0002869342270212109,683.0,0.0,557.5,620.25,692.0
692,GBP_trend_sma_slow,0.00028364780040084076,684.0,0.0,557.5,620.75,693.0
693,AUD_volatility_dcl,0.0002811192621998357,685.0,0.0,557.5,621.25,694.0
694,Copper_trend_ema_fast,0.0002804318605261174,686.0,0.0,557.5,621.75,695.0
695,GBP_trend_psar_up_indicator,0.00028009841895550673,688.0,0.0,557.5,622.75,696.0
696,HKD_trend_sma_slow,0.00027700743095605796,689.0,0.0,557.5,623.25,697.0
697,Silver_trend_ema_fast,0.00027462668031394833,690.0,0.0,557.5,623.75,698.0
698,Silver_trend_psar_up,0.0002691582995977556,691.0,0.0,557.5,624.25,699.0
699,GBP_trend_psar_up,0.00026800292352812966,692.0,0.0,557.5,624.75,700.0
700,NaturalGas_trend_psar_down_indicator,0.00026751653809360974,693.0,0.0,557.5,625.25,701.0
701,GBP_trend_ema_slow,0.00026630824980374994,694.0,0.0,557.5,625.75,702.0
702,NaturalGas_volatility_kcli,0.0002657841483888087,695.0,0.0,557.5,626.25,703.0
703,Copper_trend_sma_fast,0.00026249788993418796,697.0,0.0,557.5,627.25,704.0
704,GBP_volatility_dch,0.00025925958372503886,698.0,0.0,557.5,627.75,705.0
705,BrentOil_volatility_kcc,0.0002586007012763111,699.0,0.0,557.5,628.25,706.0
706,USD_trend_ichimoku_b,0.0002579983896206124,700.0,0.0,557.5,628.75,707.0
707,HKD_momentum_ao,0.00025711964839807643,701.0,0.0,557.5,629.25,708.0
708,Platinum_volatility_dcl,0.0002537235516975528,704.0,0.0,557.5,630.75,709.0
709,Silver_trend_ichimoku_a,0.00025172295862003536,705.0,0.0,557.5,631.25,710.0
710,USD_trend_trix,0.0002453353159824553,708.0,0.0,557.5,632.75,711.0
711,CrudeOil_volatility_dch,0.00023688938704112227,710.0,0.0,557.5,633.75,712.0
712,Silver_momentum_kama,0.00023505665665812876,711.0,0.0,557.5,634.25,713.0
713,JPY_trend_sma_fast,0.00023295038355647296,712.0,0.0,557.5,634.75,714.0
714,GBP_volatility_bbm,0.00023289261653521083,713.0,0.0,557.5,635.25,715.0
715,Gasoline_trend_ichimoku_a,0.00023267888296341535,714.0,0.0,557.5,635.75,716.0
716,Copper_volatility_dch,0.00023230038105580552,715.0,0.0,557.5,636.25,717.0
717,HKD_trend_psar_down,0.00023197616038556394,716.0,0.0,557.5,636.75,718.0
718,Copper_trend_visual_ichimoku_b,0.00022758785382032443,717.0,0.0,557.5,637.25,719.0
719,Platinum_trend_ema_slow,0.00022709946922379795,718.0,0.0,557.5,637.75,720.0
720,EUR_momentum_kama,0.0002266340811204284,719.0,0.0,557.5,638.25,721.0
721,HKD_trend_ichimoku_a,0.0002234079412021736,720.0,0.0,557.5,638.75,722.0
722,Gasoline_volatility_kch,0.00022326176352656244,721.0,0.0,557.5,639.25,723.0
723,GBP_volatility_dcl,0.00022202283860205796,722.0,0.0,557.5,639.75,724.0
724,GBP_trend_psar_down,0.0002211859673982886,723.0,0.0,557.5,640.25,725.0
725,Gasoline_trend_psar_up,0.00021939474604956293,724.0,0.0,557.5,640.75,726.0
726,Gasoline_volatility_dcl,0.00021889393418910902,725.0,0.0,557.5,641.25,727.0
727,Silver_volatility_kcc,0.0002188904536829259,726.0,0.0,557.5,641.75,728.0
728,EUR_trend_ema_slow,0.00021873139536186654,727.0,0.0,557.5,642.25,729.0
729,BrentOil_volatility_kch,0.000206909192360923,728.0,0.0,557.5,642.75,730.0
730,Platinum_trend_psar_down_indicator,0.00020670001300120613,729.0,0.0,557.5,643.25,731.0
731,Gasoline_volatility_dch,0.0002063983535733126,730.0,0.0,557.5,643.75,732.0
732,CNY_volatility_dch,0.00020131708354857513,731.0,0.0,557.5,644.25,733.0
733,Copper_trend_ichimoku_b,0.00020074169154385494,733.0,0.0,557.5,645.25,734.0
734,JPY_volatility_kcc,0.00019140930570064933,734.0,0.0,557.5,645.75,735.0
735,JPY_volatility_dcl,0.00018947173957805017,735.0,0.0,557.5,646.25,736.0
736,USD_trend_ichimoku_a,0.00018682487518518584,736.0,0.0,557.5,646.75,737.0
737,Silver_volatility_dch,0.0001860190710937765,737.0,0.0,557.5,647.25,738.0
738,CrudeOil_trend_visual_ichimoku_b,0.00018430434187874947,738.0,0.0,557.5,647.75,739.0
739,BrentOil_trend_sma_slow,0.00017997408081684715,740.0,0.0,557.5,648.75,740.0
740,USD_volatility_kcc,0.00017854544075247933,741.0,0.0,557.5,649.25,741.0
741,USD_volatility_kcli,0.00017673231936046383,742.0,0.0,557.5,649.75,742.0
742,Gold_volatility_bbli,0.00017452399545704277,743.0,0.0,557.5,650.25,743.0
743,JPY_trend_psar_up_indicator,0.0001726877643093995,744.0,0.0,557.5,650.75,744.0
744,HKD_volatility_dcl,0.00016978134390948193,745.0,0.0,557.5,651.25,745.0
745,CrudeOil_trend_psar_up_indicator,0.00016612748262055058,746.0,0.0,557.5,651.75,746.0
746,GBP_volatility_dchi,0.000164069419482734,747.0,0.0,557.5,652.25,747.0
747,EUR_volatility_kcc,0.00016070052719123777,748.0,0.0,557.5,652.75,748.0
748,BrentOil_volatility_dch,0.0001600641263957189,749.0,0.0,557.5,653.25,749.0
749,NaturalGas_trend_psar_up_indicator,0.00015745799680076948,750.0,0.0,557.5,653.75,750.0
750,JPY_trend_psar_down_indicator,0.00015343160379382954,751.0,0.0,557.5,654.25,751.0
751,GBP_trend_psar_down_indicator,0.0001529249049883802,752.0,0.0,557.5,654.75,752.0
752,EUR_trend_psar_up_indicator,0.00015249546177356535,753.0,0.0,557.5,655.25,753.0
753,GBP_volatility_kcl,0.00014978860466742278,754.0,0.0,557.5,655.75,754.0
754,AUD_trend_psar_down,0.00014934458873289453,755.0,0.0,557.5,656.25,755.0
755,Silver_volatility_kcli,0.00014291400096508127,756.0,0.0,557.5,656.75,756.0
756,EUR_volatility_dch,0.00014291321004726042,757.0,0.0,557.5,657.25,757.0
757,HKD_volatility_dchi,0.00014136585640097733,758.0,0.0,557.5,657.75,758.0
758,USD_trend_sma_fast,0.0001408563758850482,759.0,0.0,557.5,658.25,759.0
759,HKD_trend_psar_up_indicator,0.0001387556018374321,760.0,0.0,557.5,658.75,760.0
760,Gold_volatility_dch,0.0001362899534507849,761.0,0.0,557.5,659.25,761.0
761,BrentOil_volatility_dcli,0.0001341881425441765,762.0,0.0,557.5,659.75,762.0
762,EUR_trend_psar_down_indicator,0.0001293494546421754,763.0,0.0,557.5,660.25,763.0
763,Platinum_trend_psar_up,0.00012919733884968586,764.0,0.0,557.5,660.75,764.0
764,CrudeOil_volatility_dchi,0.00012312181596451507,765.0,0.0,557.5,661.25,765.0
765,USD_volatility_dch,0.00012111694176582237,766.0,0.0,557.5,661.75,766.0
766,NaturalGas_volatility_dcl,0.00012107819721215532,767.0,0.0,557.5,662.25,767.0
767,CNY_volatility_dchi,0.00012029727332301582,768.0,0.0,557.5,662.75,768.0
768,USD_trend_psar_up_indicator,0.00011866108956186103,769.0,0.0,557.5,663.25,769.0
769,Copper_trend_ichimoku_a,0.00011856449289652223,770.0,0.0,557.5,663.75,770.0
770,CNY_trend_psar_down_indicator,0.00011633491425872514,771.0,0.0,557.5,664.25,771.0
771,BrentOil_trend_psar_up_indicator,0.00011319460463314908,772.0,0.0,557.5,664.75,772.0
772,Copper_volatility_kchi,0.00011227922001602492,773.0,0.0,557.5,665.25,773.0
773,Copper_volatility_dcl,0.00010821029854833988,774.0,0.0,557.5,665.75,774.0
774,CNY_trend_psar_up_indicator,0.00010664484949031879,775.0,0.0,557.5,666.25,775.0
775,HKD_volatility_dcli,0.0001056670137059255,776.0,0.0,557.5,666.75,776.0
776,Platinum_volatility_dch,0.00010525878650638135,777.0,0.0,557.5,667.25,777.0
777,HKD_trend_psar_down_indicator,0.00010388887404105627,778.0,0.0,557.5,667.75,778.0
778,HKD_volatility_dch,0.00010330470114233107,779.0,0.0,557.5,668.25,779.0
779,JPY_volatility_bbhi,0.00010086382129996074,780.0,0.0,557.5,668.75,780.0
780,CrudeOil_volatility_bbli,9.782796544880719e-05,781.0,0.0,557.5,669.25,781.0
781,CrudeOil_volatility_dcli,9.712333572586102e-05,782.0,0.0,557.5,669.75,782.0
782,Gold_volatility_kcli,9.565868568333526e-05,783.0,0.0,557.5,670.25,783.0
783,JPY_volatility_dcli,9.475149367470378e-05,784.0,0.0,557.5,670.75,784.0
784,Copper_trend_psar_down_indicator,9.15866035454314e-05,785.0,0.0,557.5,671.25,785.0
785,AUD_trend_psar_down_indicator,8.500367851811227e-05,786.0,0.0,557.5,671.75,786.0
786,Gasoline_trend_psar_down_indicator,8.252033198320337e-05,787.0,0.0,557.5,672.25,787.0
787,Platinum_trend_psar_up_indicator,7.984757110155656e-05,788.0,0.0,557.5,672.75,788.0
788,USD_volatility_dcli,7.669199381528673e-05,789.0,0.0,557.5,673.25,789.0
789,CrudeOil_trend_psar_down_indicator,7.429708479099032e-05,790.0,0.0,557.5,673.75,790.0
790,Silver_volatility_kchi,7.054785833752847e-05,791.0,0.0,557.5,674.25,791.0
791,GBP_volatility_dcli,7.031800237176226e-05,792.0,0.0,557.5,674.75,792.0
792,Platinum_volatility_dchi,6.87750254928134e-05,793.0,0.0,557.5,675.25,793.0
793,NaturalGas_volatility_dcli,6.63230043493767e-05,794.0,0.0,557.5,675.75,794.0
794,GBP_volatility_kchi,6.464326484769682e-05,795.0,0.0,557.5,676.25,795.0
795,EUR_volatility_dchi,6.310786538356828e-05,796.0,0.0,557.5,676.75,796.0
796,Copper_volatility_bbli,6.136385044491371e-05,797.0,0.0,557.5,677.25,797.0
797,NaturalGas_volatility_dchi,6.0322436999325245e-05,798.0,0.0,557.5,677.75,798.0
798,BrentOil_volatility_dchi,6.0115817071960495e-05,799.0,0.0,557.5,678.25,799.0
799,CNY_volatility_bbli,5.992534511029385e-05,800.0,0.0,557.5,678.75,800.0
800,AUD_trend_psar_up_indicator,5.915859519519495e-05,801.0,0.0,557.5,679.25,801.0
801,Gasoline_trend_psar_up_indicator,5.893931347494914e-05,802.0,0.0,557.5,679.75,802.0
802,EUR_volatility_bbli,5.837518374176464e-05,803.0,0.0,557.5,680.25,803.0
803,Gasoline_volatility_kcli,5.5173035729496166e-05,804.0,0.0,557.5,680.75,804.0
804,Copper_trend_psar_up_indicator,5.516494547232276e-05,805.0,0.0,557.5,681.25,805.0
805,Gold_volatility_kchi,4.934408741362863e-05,806.0,0.0,557.5,681.75,806.0
806,EUR_volatility_dcli,4.9281389499505455e-05,807.0,0.0,557.5,682.25,807.0
807,Copper_volatility_bbhi,4.9099577721635585e-05,808.0,0.0,557.5,682.75,808.0
808,USD_volatility_bbli,4.8161804212085626e-05,809.0,0.0,557.5,683.25,809.0
809,USD_volatility_kchi,4.751857862834679e-05,810.0,0.0,557.5,683.75,810.0
810,Silver_volatility_dchi,4.708290580888062e-05,811.0,0.0,557.5,684.25,811.0
811,NaturalGas_volatility_kchi,4.569543459620118e-05,812.0,0.0,557.5,684.75,812.0
812,Copper_volatility_kcli,4.378726499153368e-05,813.0,0.0,557.5,685.25,813.0
813,Platinum_volatility_kcli,4.23112413495571e-05,814.0,0.0,557.5,685.75,814.0
814,BrentOil_volatility_bbhi,4.215399552044809e-05,815.0,0.0,557.5,686.25,815.0
815,USD_volatility_dchi,4.1017441450946284e-05,816.0,0.0,557.5,686.75,816.0
816,AUD_volatility_dchi,3.944304984519991e-05,817.0,0.0,557.5,687.25,817.0
817,BrentOil_volatility_kcli,3.9283079511081045e-05,818.0,0.0,557.5,687.75,818.0
818,GBP_volatility_bbli,3.9098878777816335e-05,819.0,0.0,557.5,688.25,819.0
819,BrentOil_trend_psar_down_indicator,3.8952619099453536e-05,820.0,0.0,557.5,688.75,820.0
820,Platinum_volatility_bbli,3.887035340403246e-05,821.0,0.0,557.5,689.25,821.0
821,AUD_volatility_kcli,3.884357393912339e-05,822.0,0.0,557.5,689.75,822.0
822,Gold_volatility_dcli,3.8432242057598406e-05,823.0,0.0,557.5,690.25,823.0
823,USD_trend_psar_down_indicator,3.778359962799698e-05,824.0,0.0,557.5,690.75,824.0
824,CNY_volatility_kchi,3.773969523003058e-05,825.0,0.0,557.5,691.25,825.0
825,JPY_volatility_dchi,3.7530588077242794e-05,826.0,0.0,557.5,691.75,826.0
826,Platinum_volatility_dcli,3.628965510840305e-05,827.0,0.0,557.5,692.25,827.0
827,Platinum_volatility_kchi,3.616156558763688e-05,828.0,0.0,557.5,692.75,828.0
828,Gasoline_volatility_dcli,3.537362065663951e-05,829.0,0.0,557.5,693.25,829.0
829,EUR_volatility_kchi,3.2865787402674995e-05,830.0,0.0,557.5,693.75,830.0
830,EUR_volatility_kcli,3.2839337296936036e-05,831.0,0.0,557.5,694.25,831.0
831,CrudeOil_volatility_kcli,3.0526092461967145e-05,832.0,0.0,557.5,694.75,832.0
832,Silver_volatility_dcli,3.0322309795718154e-05,833.0,0.0,557.5,695.25,833.0
833,Gasoline_volatility_bbli,2.990296592505362e-05,834.0,0.0,557.5,695.75,834.0
834,HKD_volatility_kchi,2.984751245895241e-05,835.0,0.0,557.5,696.25,835.0
835,Gasoline_volatility_dchi,2.9795580578771143e-05,836.0,0.0,557.5,696.75,836.0
836,NaturalGas_volatility_bbhi,2.915083427544254e-05,837.0,0.0,557.5,697.25,837.0
837,AUD_volatility_dcli,2.873586327026756e-05,838.0,0.0,557.5,697.75,838.0
838,AUD_volatility_bbhi,2.787806876279255e-05,839.0,0.0,557.5,698.25,839.0
839,GBP_volatility_kcli,2.5009706000486677e-05,840.0,0.0,557.5,698.75,840.0
840,JPY_volatility_kcli,2.4264476892432045e-05,841.0,0.0,557.5,699.25,841.0
841,Copper_volatility_dchi,2.282147912689943e-05,842.0,0.0,557.5,699.75,842.0
842,Gold_volatility_bbhi,2.1358368384027765e-05,843.0,0.0,557.5,700.25,843.0
843,Gold_volatility_dchi,2.0968750504072646e-05,844.0,0.0,557.5,700.75,844.0
844,CNY_volatility_kcli,1.9554161399781936e-05,845.0,0.0,557.5,701.25,845.0
845,Silver_trend_psar_up_indicator,1.8025524750849704e-05,846.0,0.0,557.5,701.75,846.0
846,Gasoline_volatility_bbhi,1.7810798361426407e-05,847.0,0.0,557.5,702.25,847.0
847,BrentOil_volatility_kchi,1.6748827864423247e-05,848.0,0.0,557.5,702.75,848.0
848,NaturalGas_volatility_bbli,1.6257789064848367e-05,849.0,0.0,557.5,703.25,849.0
849,CrudeOil_volatility_bbhi,1.526278663528564e-05,850.0,0.0,557.5,703.75,850.0
850,JPY_volatility_kchi,1.3501001037771867e-05,851.0,0.0,557.5,704.25,851.0
851,Gasoline_volatility_kchi,1.2901586306590569e-05,852.0,0.0,557.5,704.75,852.0
852,CNY_volatility_dcli,1.2706435356697766e-05,853.0,0.0,557.5,705.25,853.0
853,AUD_volatility_kchi,1.2648045891726791e-05,854.0,0.0,557.5,705.75,854.0
854,CrudeOil_volatility_kchi,1.1117304510475478e-05,855.0,0.0,557.5,706.25,855.0
855,AUD_volatility_bbli,7.579751114694333e-06,856.0,0.0,557.5,706.75,856.0
856,HKD_volatility_bbli,6.893462286429329e-06,857.0,0.0,557.5,707.25,857.0
857,Copper_volatility_dcli,6.437082855811125e-06,858.0,0.0,557.5,707.75,858.0
858,HKD_volatility_kcli,5.543527153955793e-06,859.0,0.0,557.5,708.25,859.0
859,Silver_volatility_bbhi,5.34289222022911e-06,860.0,0.0,557.5,708.75,860.0
860,EUR_volatility_bbhi,4.867770625547328e-06,861.0,0.0,557.5,709.25,861.0
861,BrentOil_volatility_bbli,4.302030105777553e-06,862.0,0.0,557.5,709.75,862.0
862,USD_volatility_bbhi,4.132494149705447e-06,863.0,0.0,557.5,710.25,863.0
863,Silver_volatility_bbli,3.483372720026789e-06,864.0,0.0,557.5,710.75,864.0
864,JPY_volatility_bbli,3.299323177543088e-06,865.0,0.0,557.5,711.25,865.0
865,Platinum_volatility_bbhi,3.2015346979168405e-06,866.0,0.0,557.5,711.75,866.0
866,GBP_volatility_bbhi,1.5501014968080518e-06,867.0,0.0,557.5,712.25,867.0
867,CNY_volatility_bbhi,1.530978219153805e-06,868.0,0.0,557.5,712.75,868.0
868,HKD_volatility_bbhi,1.4651106796120726e-06,869.0,0.0,557.5,713.25,869.0
869,Silver_volatility_kcp,0.0,870.0,0.0,557.5,713.75,870.0
